{"mean_correct": 1.0, "total_correct": 32, "is_correct": [1.0, 1.0, 1.0, 1.0, 1.0, 1.0, 1.0, 1.0, 1.0, 1.0, 1.0, 1.0, 1.0, 1.0, 1.0, 1.0, 1.0, 1.0, 1.0, 1.0, 1.0, 1.0, 1.0, 1.0, 1.0, 1.0, 1.0, 1.0, 1.0, 1.0, 1.0, 1.0], "output_probs": [[5.4836273193359375e-06, 1.7881393432617188e-07, 6.556510925292969e-07, 0.99462890625], [0.0008268356323242188, 1.3709068298339844e-06, 0.9609375, 1.0132789611816406e-06], [0.9990234375, 0.0, 0.0, 0.0], [5.316734313964844e-05, 0.0001169443130493164, 0.9970703125, 3.421306610107422e-05], [0.99755859375, 0.0, 5.960464477539063e-08, 0.0], [3.5762786865234375e-07, 0.0, 1.1920928955078125e-07, 0.99853515625], [0.005107879638671875, 0.99267578125, 0.0003457069396972656, 7.152557373046875e-06], [0.00014853477478027344, 5.841255187988281e-06, 0.99462890625, 4.351139068603516e-06], [0.00018978118896484375, 7.450580596923828e-06, 0.99853515625, 2.4080276489257812e-05], [0.1292724609375, 0.84521484375, 0.0234222412109375, 0.0007548332214355469], [0.99853515625, 4.76837158203125e-07, 6.556510925292969e-07, 1.7881393432617188e-07], [2.0742416381835938e-05, 0.99951171875, 8.344650268554688e-07, 2.384185791015625e-07], [1.329183578491211e-05, 0.9951171875, 2.6226043701171875e-06, 2.384185791015625e-07], [0.99951171875, 0.0, 0.0, 0.0], [0.99755859375, 5.960464477539063e-08, 5.960464477539063e-08, 0.0], [3.039836883544922e-06, 0.9970703125, 1.0669231414794922e-05, 7.152557373046875e-07], [0.0003650188446044922, 0.9970703125, 2.980232238769531e-07, 0.0], [7.867813110351562e-06, 1.1920928955078125e-07, 9.5367431640625e-07, 0.99560546875], [5.960464477539063e-08, 0.99951171875, 7.152557373046875e-07, 1.7881393432617188e-07], [1.8715858459472656e-05, 4.410743713378906e-06, 0.99072265625, 8.344650268554688e-07], [0.0028972625732421875, 6.556510925292969e-06, 0.9921875, 4.589557647705078e-06], [5.364418029785156e-07, 0.9970703125, 9.655952453613281e-06, 1.7881393432617188e-07], [0.998046875, 1.1920928955078125e-07, 5.960464477539063e-08, 1.7881393432617188e-07], [0.9990234375, 3.5762786865234375e-07, 1.1920928955078125e-07, 1.1920928955078125e-07], [8.940696716308594e-07, 5.960464477539063e-08, 0.99658203125, 1.1920928955078125e-07], [1.1920928955078125e-06, 1.3113021850585938e-06, 0.9951171875, 4.708766937255859e-06], [0.0011568069458007812, 0.99609375, 3.874301910400391e-06, 8.940696716308594e-07], [0.01088714599609375, 0.98291015625, 5.072355270385742e-05, 4.172325134277344e-07], [0.99853515625, 1.3113021850585938e-06, 2.205371856689453e-06, 3.218650817871094e-05], [6.258487701416016e-06, 7.748603820800781e-07, 0.99755859375, 1.1920928955078125e-06], [0.00013911724090576172, 0.99853515625, 1.2159347534179688e-05, 3.814697265625e-06], [0.9990234375, 2.384185791015625e-07, 1.1920928955078125e-07, 5.960464477539063e-08]], "actual_answers": [3, 2, 0, 2, 0, 3, 1, 2, 2, 1, 0, 1, 1, 0, 0, 1, 1, 3, 1, 2, 2, 1, 0, 0, 2, 2, 1, 1, 0, 2, 1, 0], "predicted_answers": [3, 2, 0, 2, 0, 3, 1, 2, 2, 1, 0, 1, 1, 0, 0, 1, 1, 3, 1, 2, 2, 1, 0, 0, 2, 2, 1, 1, 0, 2, 1, 0], "predicted_probs": [0.99462890625, 0.9609375, 0.9990234375, 0.9970703125, 0.99755859375, 0.99853515625, 0.99267578125, 0.99462890625, 0.99853515625, 0.84521484375, 0.99853515625, 0.99951171875, 0.9951171875, 0.99951171875, 0.99755859375, 0.9970703125, 0.9970703125, 0.99560546875, 0.99951171875, 0.99072265625, 0.9921875, 0.9970703125, 0.998046875, 0.9990234375, 0.99658203125, 0.9951171875, 0.99609375, 0.98291015625, 0.99853515625, 0.99755859375, 0.99853515625, 0.9990234375], "predicted_probs_of_correct_answers": [0.99462890625, 0.9609375, 0.9990234375, 0.9970703125, 0.99755859375, 0.99853515625, 0.99267578125, 0.99462890625, 0.99853515625, 0.84521484375, 0.99853515625, 0.99951171875, 0.9951171875, 0.99951171875, 0.99755859375, 0.9970703125, 0.9970703125, 0.99560546875, 0.99951171875, 0.99072265625, 0.9921875, 0.9970703125, 0.998046875, 0.9990234375, 0.99658203125, 0.9951171875, 0.99609375, 0.98291015625, 0.99853515625, 0.99755859375, 0.99853515625, 0.9990234375], "mean_predicted_prob_of_correct_answers": 0.99072265625, "mean_predicted_probs": 0.99072265625, "value_counts": {"0": 9, "1": 11, "2": 9, "3": 3}, "sum_abcd": [0.99462890625, 0.9619140625, 0.9990234375, 0.9970703125, 0.99755859375, 0.99853515625, 0.998046875, 0.99462890625, 0.99853515625, 0.99853515625, 0.99853515625, 0.99951171875, 0.9951171875, 0.99951171875, 0.99755859375, 0.9970703125, 0.99755859375, 0.99560546875, 0.99951171875, 0.99072265625, 0.9951171875, 0.9970703125, 0.998046875, 0.9990234375, 0.99658203125, 0.9951171875, 0.9970703125, 0.99365234375, 0.99853515625, 0.99755859375, 0.99853515625, 0.9990234375]}