{"mean_correct": 1.0, "total_correct": 8, "is_correct": [1.0, 1.0, 1.0, 1.0, 1.0, 1.0, 1.0, 1.0], "output_probs": [[5.781650543212891e-06, 1.1920928955078125e-07, 3.635883331298828e-06, 0.9990234375], [0.0005660057067871094, 2.980232238769531e-07, 2.9802322387695312e-06, 0.99755859375], [0.00019884109497070312, 6.556510925292969e-07, 1.2516975402832031e-06, 0.998046875], [0.0004191398620605469, 4.172325134277344e-07, 1.3709068298339844e-06, 0.99951171875], [6.276369094848633e-05, 2.980232238769531e-07, 1.9669532775878906e-06, 1.0], [2.1755695343017578e-05, 0.0, 1.1920928955078125e-07, 0.9970703125], [2.676248550415039e-05, 1.1920928955078125e-07, 1.6689300537109375e-06, 0.99951171875], [0.00018966197967529297, 2.980232238769531e-07, 3.7550926208496094e-06, 0.99951171875]], "actual_answers": [3, 3, 3, 3, 3, 3, 3, 3], "predicted_answers": [3, 3, 3, 3, 3, 3, 3, 3], "predicted_probs": [0.9990234375, 0.99755859375, 0.998046875, 0.99951171875, 1.0, 0.9970703125, 0.99951171875, 0.99951171875], "predicted_probs_of_correct_answers": [0.9990234375, 0.99755859375, 0.998046875, 0.99951171875, 1.0, 0.9970703125, 0.99951171875, 0.99951171875], "mean_predicted_prob_of_correct_answers": 0.9990234375, "mean_predicted_probs": 0.9990234375, "value_counts": {"3": 8}, "sum_abcd": [0.9990234375, 0.998046875, 0.998046875, 1.0, 1.0, 0.9970703125, 0.99951171875, 0.99951171875]}