{"mean_correct": 1.0, "total_correct": 30, "is_correct": [1.0, 1.0, 1.0, 1.0, 1.0, 1.0, 1.0, 1.0, 1.0, 1.0, 1.0, 1.0, 1.0, 1.0, 1.0, 1.0, 1.0, 1.0, 1.0, 1.0, 1.0, 1.0, 1.0, 1.0, 1.0, 1.0, 1.0, 1.0, 1.0, 1.0], "output_probs": [[0.00016736984252929688, 6.556510925292969e-07, 5.364418029785156e-07, 0.99755859375], [4.76837158203125e-07, 0.99853515625, 4.351139068603516e-06, 2.980232238769531e-07], [0.99951171875, 0.0, 0.0, 0.0], [8.761882781982422e-06, 0.99951171875, 1.7881393432617188e-06, 5.960464477539063e-08], [0.9990234375, 0.0, 0.0, 0.0], [0.001461029052734375, 0.99560546875, 3.2186508178710938e-06, 2.4437904357910156e-06], [8.869171142578125e-05, 1.1324882507324219e-06, 1.6033649444580078e-05, 0.99853515625], [0.0001366138458251953, 0.00032711029052734375, 0.99755859375, 1.7285346984863281e-06], [1.4901161193847656e-06, 0.0, 0.0, 1.0], [0.0015230178833007812, 3.814697265625e-06, 0.99658203125, 8.940696716308594e-07], [0.00014412403106689453, 4.0531158447265625e-06, 0.9990234375, 3.5762786865234375e-07], [7.569789886474609e-06, 7.748603820800781e-07, 0.99755859375, 1.0728836059570312e-06], [0.00012826919555664062, 0.99853515625, 5.334615707397461e-05, 5.245208740234375e-06], [7.456541061401367e-05, 1.3113021850585938e-06, 0.0003197193145751953, 0.99951171875], [2.562999725341797e-06, 0.9990234375, 7.152557373046875e-07, 0.0], [0.023895263671875, 0.97509765625, 4.172325134277344e-07, 1.7881393432617188e-07], [2.562999725341797e-06, 0.0, 0.0, 0.99951171875], [8.106231689453125e-06, 1.6093254089355469e-06, 0.9990234375, 2.980232238769531e-07], [1.2755393981933594e-05, 0.99853515625, 1.1920928955078125e-06, 2.980232238769531e-07], [4.589557647705078e-05, 5.364418029785156e-07, 5.7220458984375e-06, 0.99951171875], [1.1324882507324219e-06, 5.960464477539063e-08, 1.1920928955078125e-07, 0.9912109375], [5.7220458984375e-05, 0.998046875, 1.6093254089355469e-06, 1.7881393432617188e-07], [8.64267349243164e-06, 5.960464477539063e-08, 4.172325134277344e-07, 0.99755859375], [1.7940998077392578e-05, 5.364418029785156e-07, 7.271766662597656e-06, 0.99951171875], [7.68899917602539e-06, 5.960464477539063e-08, 1.1920928955078125e-07, 0.99609375], [1.2516975402832031e-06, 0.9990234375, 4.76837158203125e-07, 0.0], [4.172325134277344e-07, 0.99658203125, 2.980232238769531e-07, 0.0], [3.5762786865234375e-07, 0.9990234375, 1.7881393432617188e-07, 0.0], [0.00135040283203125, 9.47713851928711e-06, 0.99462890625, 1.0728836059570312e-06], [6.717443466186523e-05, 0.99658203125, 1.8477439880371094e-06, 2.384185791015625e-07]], "actual_answers": [3, 1, 0, 1, 0, 1, 3, 2, 3, 2, 2, 2, 1, 3, 1, 1, 3, 2, 1, 3, 3, 1, 3, 3, 3, 1, 1, 1, 2, 1], "predicted_answers": [3, 1, 0, 1, 0, 1, 3, 2, 3, 2, 2, 2, 1, 3, 1, 1, 3, 2, 1, 3, 3, 1, 3, 3, 3, 1, 1, 1, 2, 1], "predicted_probs": [0.99755859375, 0.99853515625, 0.99951171875, 0.99951171875, 0.9990234375, 0.99560546875, 0.99853515625, 0.99755859375, 1.0, 0.99658203125, 0.9990234375, 0.99755859375, 0.99853515625, 0.99951171875, 0.9990234375, 0.97509765625, 0.99951171875, 0.9990234375, 0.99853515625, 0.99951171875, 0.9912109375, 0.998046875, 0.99755859375, 0.99951171875, 0.99609375, 0.9990234375, 0.99658203125, 0.9990234375, 0.99462890625, 0.99658203125], "predicted_probs_of_correct_answers": [0.99755859375, 0.99853515625, 0.99951171875, 0.99951171875, 0.9990234375, 0.99560546875, 0.99853515625, 0.99755859375, 1.0, 0.99658203125, 0.9990234375, 0.99755859375, 0.99853515625, 0.99951171875, 0.9990234375, 0.97509765625, 0.99951171875, 0.9990234375, 0.99853515625, 0.99951171875, 0.9912109375, 0.998046875, 0.99755859375, 0.99951171875, 0.99609375, 0.9990234375, 0.99658203125, 0.9990234375, 0.99462890625, 0.99658203125], "mean_predicted_prob_of_correct_answers": 0.9970703125, "mean_predicted_probs": 0.9970703125, "value_counts": {"0": 2, "1": 12, "2": 6, "3": 10}, "sum_abcd": [0.99755859375, 0.99853515625, 0.99951171875, 0.99951171875, 0.9990234375, 0.9970703125, 0.99853515625, 0.998046875, 1.0, 0.998046875, 0.9990234375, 0.99755859375, 0.99853515625, 1.0, 0.9990234375, 0.9990234375, 0.99951171875, 0.9990234375, 0.99853515625, 0.99951171875, 0.9912109375, 0.998046875, 0.99755859375, 0.99951171875, 0.99609375, 0.9990234375, 0.99658203125, 0.9990234375, 0.99609375, 0.99658203125]}