{"mean_correct": 1.0, "total_correct": 15, "is_correct": [1.0, 1.0, 1.0, 1.0, 1.0, 1.0, 1.0, 1.0, 1.0, 1.0, 1.0, 1.0, 1.0, 1.0, 1.0], "output_probs": [[0.998724639415741, 1.328902499153628e-07, 9.633669151298818e-08, 1.7539230512397808e-08], [3.3162290492327884e-05, 1.139079472523008e-06, 0.9975038170814514, 3.159425148169248e-07], [7.729334174655378e-05, 4.0632663456108276e-08, 1.4821308980117465e-07, 0.9989023208618164], [1.3472687896864954e-05, 4.775323759531602e-06, 0.9880853891372681, 9.681274605100043e-06], [0.998689591884613, 1.7608709868000005e-07, 1.7959025910840865e-07, 2.6916771034279918e-08], [6.944905180716887e-06, 2.0647642884341622e-07, 3.6692483718070434e-06, 0.990522027015686], [0.00014841549273114651, 1.6629976471449481e-06, 2.908011811086908e-05, 0.9953357577323914], [0.9980835914611816, 5.83533733333752e-07, 1.0724273806772544e-06, 4.4360192987369373e-05], [0.00017287750961259007, 1.5803918529400107e-07, 0.9989823698997498, 1.9583134758249798e-07], [9.726037387736142e-05, 5.909686819904891e-07, 3.554472186806379e-06, 0.998814582824707], [0.0049365852028131485, 1.4272180123953149e-05, 6.31759685347788e-05, 0.9942407608032227], [1.0498488336452283e-05, 0.0003062647010665387, 0.9977003931999207, 8.492595497955335e-07], [1.589704697835259e-05, 0.9997941851615906, 1.3585583928943379e-06, 4.8030994292957985e-08], [0.0011960602132603526, 3.5709138046513544e-06, 2.2698381144437008e-05, 0.9943429231643677], [2.8108734113629907e-05, 0.9990476965904236, 5.40118617209373e-06, 6.697501930830185e-07]], "actual_answers": [0, 2, 3, 2, 0, 3, 3, 0, 2, 3, 3, 2, 1, 3, 1], "predicted_answers": [0, 2, 3, 2, 0, 3, 3, 0, 2, 3, 3, 2, 1, 3, 1], "predicted_probs": [0.998724639415741, 0.9975038170814514, 0.9989023208618164, 0.9880853891372681, 0.998689591884613, 0.990522027015686, 0.9953357577323914, 0.9980835914611816, 0.9989823698997498, 0.998814582824707, 0.9942407608032227, 0.9977003931999207, 0.9997941851615906, 0.9943429231643677, 0.9990476965904236], "predicted_probs_of_correct_answers": [0.998724639415741, 0.9975038170814514, 0.9989023208618164, 0.9880853891372681, 0.998689591884613, 0.990522027015686, 0.9953357577323914, 0.9980835914611816, 0.9989823698997498, 0.998814582824707, 0.9942407608032227, 0.9977003931999207, 0.9997941851615906, 0.9943429231643677, 0.9990476965904236], "mean_predicted_prob_of_correct_answers": 0.9965846538543701, "mean_predicted_probs": 0.9965846538543701, "value_counts": {"0": 3, "1": 2, "2": 4, "3": 6}, "sum_abcd": [0.9987248778343201, 0.9975383877754211, 0.9989798069000244, 0.988113284111023, 0.9986899495124817, 0.9905328750610352, 0.9955149292945862, 0.9981296062469482, 0.999155580997467, 0.99891597032547, 0.9992548227310181, 0.9980179667472839, 0.9998115301132202, 0.9955652356147766, 0.9990819096565247]}