{"mean_correct": 1.0, "total_correct": 8, "is_correct": [1.0, 1.0, 1.0, 1.0, 1.0, 1.0, 1.0, 1.0], "output_probs": [[5.775262252427638e-06, 1.192640297631442e-07, 3.642697265604511e-06, 0.9992287158966064], [0.0005661960458382964, 2.9958249569972395e-07, 2.9611896934511606e-06, 0.9973446726799011], [0.00019889173563569784, 6.565255148416327e-07, 1.2482070133046363e-06, 0.998238205909729], [0.0004191439365968108, 4.020879202926153e-07, 1.3634175957122352e-06, 0.9992849230766296], [6.277452484937385e-05, 2.7823341497423826e-07, 1.949758598129847e-06, 0.9998619556427002], [2.174220935557969e-05, 2.620556749377556e-08, 9.559288827176715e-08, 0.9969857335090637], [2.6744519345811568e-05, 9.169935566433196e-08, 1.6944551362030325e-06, 0.9995094537734985], [0.0001896469620987773, 3.2549175443818967e-07, 3.7772060750285164e-06, 0.9993102550506592]], "actual_answers": [3, 3, 3, 3, 3, 3, 3, 3], "predicted_answers": [3, 3, 3, 3, 3, 3, 3, 3], "predicted_probs": [0.9992287158966064, 0.9973446726799011, 0.998238205909729, 0.9992849230766296, 0.9998619556427002, 0.9969857335090637, 0.9995094537734985, 0.9993102550506592], "predicted_probs_of_correct_answers": [0.9992287158966064, 0.9973446726799011, 0.998238205909729, 0.9992849230766296, 0.9998619556427002, 0.9969857335090637, 0.9995094537734985, 0.9993102550506592], "mean_predicted_prob_of_correct_answers": 0.9987205266952515, "mean_predicted_probs": 0.9987205266952515, "value_counts": {"3": 8}, "sum_abcd": [0.9992382526397705, 0.9979141354560852, 0.9984390139579773, 0.9997058510780334, 0.9999269843101501, 0.9970076084136963, 0.999538004398346, 0.999504029750824]}