{"mean_correct": 1.0, "total_correct": 27, "is_correct": [1.0, 1.0, 1.0, 1.0, 1.0, 1.0, 1.0, 1.0, 1.0, 1.0, 1.0, 1.0, 1.0, 1.0, 1.0, 1.0, 1.0, 1.0, 1.0, 1.0, 1.0, 1.0, 1.0, 1.0, 1.0, 1.0, 1.0], "output_probs": [[1.478337526350515e-05, 1.806596856113174e-06, 0.9967381358146667, 3.5038578971580137e-07], [3.5193603252992034e-05, 8.834086884235148e-07, 5.355491339287255e-06, 0.9936972260475159], [0.007074835244566202, 9.591176058165729e-05, 0.0010804428020492196, 0.9862809181213379], [2.4988210043375148e-06, 6.664821583513003e-09, 2.1809510641901397e-08, 0.9990153312683105], [5.547068940359168e-05, 4.885011730948463e-05, 0.9852837324142456, 2.2485961380880326e-05], [0.00045944697922095656, 2.9782695492031053e-06, 4.852333404414821e-06, 0.9982531666755676], [0.9947273135185242, 1.535129143803715e-07, 6.69925910301572e-08, 3.4642390289718605e-08], [0.9931362867355347, 6.990790666350222e-07, 1.3975316903724888e-07, 1.1056866924263886e-06], [1.1000763606716646e-06, 5.829365434806277e-09, 2.785148645045865e-08, 0.9984581470489502], [7.278677003341727e-06, 5.234597892922466e-07, 0.998167872428894, 9.990676517190877e-07], [0.00030098544084466994, 7.16614238172042e-07, 0.9931222796440125, 2.3449331365554826e-06], [0.00013805787602905184, 1.1623077398326132e-06, 0.9965848922729492, 1.65006099450693e-06], [0.10367143154144287, 0.8919806480407715, 9.324779239250347e-05, 1.8716944396146573e-05], [2.00578124349704e-05, 1.0305497198714875e-05, 0.997474730014801, 1.191844830827904e-06], [1.8635111700859852e-05, 0.9956700801849365, 4.634602248643205e-07, 1.6041674655298266e-07], [0.0001933721941895783, 0.00013178463268559426, 0.9897512197494507, 1.9837392756016925e-05], [7.546984852524474e-05, 1.4732877389178611e-05, 0.998433530330658, 0.0001735842233756557], [0.0010365636553615332, 0.9952192902565002, 3.2661417208146304e-05, 2.3937753212521784e-05], [0.9988656044006348, 3.769680461118696e-07, 2.134532053332805e-07, 4.3875072464061304e-08], [0.9956867098808289, 1.0120427305082558e-06, 3.8529995549652085e-07, 4.134666085064964e-07], [0.0005797565681859851, 8.878213702701032e-05, 0.0002378045755904168, 0.9982559084892273], [0.0001427705428795889, 3.645670574314863e-07, 1.8663544096853002e-06, 0.9968588352203369], [0.0036809700541198254, 0.9955211877822876, 3.75173294742126e-06, 1.5036850982141914e-06], [0.9966541528701782, 9.522177180087965e-08, 1.934197157993367e-08, 3.1655055465762416e-08], [0.9980510473251343, 3.561243602234754e-07, 3.872096598911412e-08, 1.3096411066726432e-07], [0.994989812374115, 0.00040329337934963405, 0.00013153393229003996, 0.0011820107465609908], [0.9980308413505554, 1.9097285530733643e-06, 2.3514853637607303e-06, 8.159006483765552e-07]], "actual_answers": [2, 3, 3, 3, 2, 3, 0, 0, 3, 2, 2, 2, 1, 2, 1, 2, 2, 1, 0, 0, 3, 3, 1, 0, 0, 0, 0], "predicted_answers": [2, 3, 3, 3, 2, 3, 0, 0, 3, 2, 2, 2, 1, 2, 1, 2, 2, 1, 0, 0, 3, 3, 1, 0, 0, 0, 0], "predicted_probs": [0.9967381358146667, 0.9936972260475159, 0.9862809181213379, 0.9990153312683105, 0.9852837324142456, 0.9982531666755676, 0.9947273135185242, 0.9931362867355347, 0.9984581470489502, 0.998167872428894, 0.9931222796440125, 0.9965848922729492, 0.8919806480407715, 0.997474730014801, 0.9956700801849365, 0.9897512197494507, 0.998433530330658, 0.9952192902565002, 0.9988656044006348, 0.9956867098808289, 0.9982559084892273, 0.9968588352203369, 0.9955211877822876, 0.9966541528701782, 0.9980510473251343, 0.994989812374115, 0.9980308413505554], "predicted_probs_of_correct_answers": [0.9967381358146667, 0.9936972260475159, 0.9862809181213379, 0.9990153312683105, 0.9852837324142456, 0.9982531666755676, 0.9947273135185242, 0.9931362867355347, 0.9984581470489502, 0.998167872428894, 0.9931222796440125, 0.9965848922729492, 0.8919806480407715, 0.997474730014801, 0.9956700801849365, 0.9897512197494507, 0.998433530330658, 0.9952192902565002, 0.9988656044006348, 0.9956867098808289, 0.9982559084892273, 0.9968588352203369, 0.9955211877822876, 0.9966541528701782, 0.9980510473251343, 0.994989812374115, 0.9980308413505554], "mean_predicted_prob_of_correct_answers": 0.9916632771492004, "mean_predicted_probs": 0.9916632771492004, "value_counts": {"0": 8, "1": 4, "2": 8, "3": 7}, "sum_abcd": [0.996755063533783, 0.9937386512756348, 0.9945321083068848, 0.9990178346633911, 0.9854105114936829, 0.9987204670906067, 0.994727611541748, 0.9931382536888123, 0.9984592795372009, 0.9981766939163208, 0.9934263229370117, 0.9967257976531982, 0.9957640171051025, 0.9975062608718872, 0.9956893920898438, 0.9900962114334106, 0.9986972808837891, 0.9963124990463257, 0.9988662600517273, 0.9956884980201721, 0.9991622567176819, 0.9970038533210754, 0.9992073774337769, 0.9966543316841125, 0.9980515837669373, 0.9967066645622253, 0.9980359077453613]}