{"mean_correct": 1.0, "total_correct": 30, "is_correct": [1.0, 1.0, 1.0, 1.0, 1.0, 1.0, 1.0, 1.0, 1.0, 1.0, 1.0, 1.0, 1.0, 1.0, 1.0, 1.0, 1.0, 1.0, 1.0, 1.0, 1.0, 1.0, 1.0, 1.0, 1.0, 1.0, 1.0, 1.0, 1.0, 1.0], "output_probs": [[0.00016734961536712945, 6.675162467217888e-07, 5.207791673456086e-07, 0.9977667331695557], [4.5773742840538034e-07, 0.998293936252594, 4.3469858610478695e-06, 2.807565806506318e-07], [0.9995848536491394, 8.691833031093665e-09, 1.811919614347346e-09, 4.5589265695866743e-10], [8.777316907071508e-06, 0.9993682503700256, 1.8062854678646545e-06, 6.166825983200397e-08], [0.9990177154541016, 2.0330494621134676e-08, 1.9345065993547905e-08, 6.75863320864778e-09], [0.0014607562916353345, 0.995539128780365, 3.238074896216858e-06, 2.4411244794464437e-06], [8.870504825608805e-05, 1.1367803836037638e-06, 1.6025769582483917e-05, 0.9987311959266663], [0.00013666218728758395, 0.0003269981243647635, 0.9973660111427307, 1.7156471585622057e-06], [1.5028318784970907e-06, 3.430798312109573e-09, 7.725099671063163e-09, 0.999778687953949], [0.0015229942509904504, 3.807761686402955e-06, 0.9968224763870239, 9.00573695616913e-07], [0.00014413015742320567, 4.0378954508923925e-06, 0.9987947940826416, 3.523828411289287e-07], [7.542807907157112e-06, 7.815528988430742e-07, 0.9977501034736633, 1.0666498155842419e-06], [0.00012824310397263616, 0.9986955523490906, 5.3352618124336004e-05, 5.246446107776137e-06], [7.456180173903704e-05, 1.3378083849602262e-06, 0.0003196672478225082, 0.999358594417572], [2.5534338874422247e-06, 0.9990785121917725, 6.913916195117054e-07, 9.169071724102196e-09], [0.023900235071778297, 0.9753239154815674, 4.239056181631895e-07, 1.637472024640374e-07], [2.542959236961906e-06, 2.1862558430285617e-09, 1.173204822180196e-08, 0.9995833039283752], [8.113820513244718e-06, 1.6073066717581241e-06, 0.9991470575332642, 2.876025746445521e-07], [1.2742416402033996e-05, 0.9983365535736084, 1.2121959116484504e-06, 2.8750412184308516e-07], [4.5906941522844136e-05, 5.550921287067467e-07, 5.750356194766937e-06, 0.9993909597396851], [1.119243165703665e-06, 3.95186390278468e-08, 1.0670012784430583e-07, 0.991181492805481], [5.721336856367998e-05, 0.9982901215553284, 1.6368619526474504e-06, 1.522751347238227e-07], [8.647948561701924e-06, 4.929290042809953e-08, 3.888384298988967e-07, 0.9974639415740967], [1.7947346350410953e-05, 5.081714107291191e-07, 7.24324127077125e-06, 0.9993077516555786], [7.662270945729688e-06, 3.075124865858925e-08, 1.0718898835193613e-07, 0.9960988759994507], [1.2332222922850633e-06, 0.9992265701293945, 4.534400943612127e-07, 1.3691293432316343e-08], [4.356685963102791e-07, 0.9963705539703369, 3.0234977543841524e-07, 2.1559005247695495e-08], [3.7249617435008986e-07, 0.9987843632698059, 1.8218497643829323e-07, 1.610916022798392e-08], [0.0013499673223122954, 9.481417691858951e-06, 0.9947046637535095, 1.0792731472974992e-06], [6.718896474922076e-05, 0.9965195655822754, 1.873446876743401e-06, 2.5624848376537557e-07]], "actual_answers": [3, 1, 0, 1, 0, 1, 3, 2, 3, 2, 2, 2, 1, 3, 1, 1, 3, 2, 1, 3, 3, 1, 3, 3, 3, 1, 1, 1, 2, 1], "predicted_answers": [3, 1, 0, 1, 0, 1, 3, 2, 3, 2, 2, 2, 1, 3, 1, 1, 3, 2, 1, 3, 3, 1, 3, 3, 3, 1, 1, 1, 2, 1], "predicted_probs": [0.9977667331695557, 0.998293936252594, 0.9995848536491394, 0.9993682503700256, 0.9990177154541016, 0.995539128780365, 0.9987311959266663, 0.9973660111427307, 0.999778687953949, 0.9968224763870239, 0.9987947940826416, 0.9977501034736633, 0.9986955523490906, 0.999358594417572, 0.9990785121917725, 0.9753239154815674, 0.9995833039283752, 0.9991470575332642, 0.9983365535736084, 0.9993909597396851, 0.991181492805481, 0.9982901215553284, 0.9974639415740967, 0.9993077516555786, 0.9960988759994507, 0.9992265701293945, 0.9963705539703369, 0.9987843632698059, 0.9947046637535095, 0.9965195655822754], "predicted_probs_of_correct_answers": [0.9977667331695557, 0.998293936252594, 0.9995848536491394, 0.9993682503700256, 0.9990177154541016, 0.995539128780365, 0.9987311959266663, 0.9973660111427307, 0.999778687953949, 0.9968224763870239, 0.9987947940826416, 0.9977501034736633, 0.9986955523490906, 0.999358594417572, 0.9990785121917725, 0.9753239154815674, 0.9995833039283752, 0.9991470575332642, 0.9983365535736084, 0.9993909597396851, 0.991181492805481, 0.9982901215553284, 0.9974639415740967, 0.9993077516555786, 0.9960988759994507, 0.9992265701293945, 0.9963705539703369, 0.9987843632698059, 0.9947046637535095, 0.9965195655822754], "mean_predicted_prob_of_correct_answers": 0.9971892833709717, "mean_predicted_probs": 0.9971892833709717, "value_counts": {"0": 2, "1": 12, "2": 6, "3": 10}, "sum_abcd": [0.9979352951049805, 0.9982990622520447, 0.9995848536491394, 0.9993788599967957, 0.9990177154541016, 0.9970055222511292, 0.9988370537757874, 0.997831404209137, 0.9997801780700684, 0.9983501434326172, 0.9989433288574219, 0.9977595210075378, 0.9988824129104614, 0.9997541904449463, 0.9990817904472351, 0.9992247223854065, 0.9995858669281006, 0.9991570711135864, 0.9983507990837097, 0.9994431734085083, 0.9911827445030212, 0.998349130153656, 0.9974730014801025, 0.9993334412574768, 0.9961066842079163, 0.999228298664093, 0.9963712692260742, 0.9987848997116089, 0.9960651993751526, 0.9965888261795044]}