{"mean_correct": 1.0, "total_correct": 32, "is_correct": [1.0, 1.0, 1.0, 1.0, 1.0, 1.0, 1.0, 1.0, 1.0, 1.0, 1.0, 1.0, 1.0, 1.0, 1.0, 1.0, 1.0, 1.0, 1.0, 1.0, 1.0, 1.0, 1.0, 1.0, 1.0, 1.0, 1.0, 1.0, 1.0, 1.0, 1.0, 1.0], "output_probs": [[5.5130221880972385e-06, 1.705188168443783e-07, 6.316948315543414e-07, 0.9945399165153503], [0.0008267541998066008, 1.3879482594347792e-06, 0.960840106010437, 9.976672572520329e-07], [0.9991734623908997, 8.572977883147814e-09, 3.449324603721493e-09, 9.84648806934274e-10], [5.3146883146837354e-05, 0.00011692788393702358, 0.9970080256462097, 3.4186363336630166e-05], [0.9976357221603394, 2.9279998869924384e-08, 4.73981245363575e-08, 2.0410109158319756e-08], [3.6515544366011454e-07, 1.106452818255832e-09, 1.0531791616585906e-07, 0.9984676241874695], [0.005108033772557974, 0.9927390217781067, 0.00034562466316856444, 7.173991434683558e-06], [0.0001484971580794081, 5.855821200384526e-06, 0.9945849776268005, 4.370734586700564e-06], [0.00018983833433594555, 7.433973678416805e-06, 0.9985268115997314, 2.407969077466987e-05], [0.1292370855808258, 0.8450655937194824, 0.023428240790963173, 0.0007546050474047661], [0.9985081553459167, 4.4964363610233704e-07, 6.681372042294242e-07, 1.832615623698075e-07], [2.0746436348417774e-05, 0.9994187355041504, 8.362416679119633e-07, 2.2857257420128008e-07], [1.3277513971843291e-05, 0.9948805570602417, 2.600155085019651e-06, 2.280830386780508e-07], [0.9995848536491394, 1.9555393748760252e-08, 1.824265716265927e-08, 2.626957495976967e-08], [0.9977633953094482, 3.8498633614381106e-08, 5.7056283253587026e-08, 2.5081035914809036e-08], [3.0430464903474785e-06, 0.9972291588783264, 1.0651909178704955e-05, 7.238574539769616e-07], [0.0003650349972303957, 0.9970656037330627, 3.0666893735542544e-07, 2.975262702875625e-08], [7.878736141719855e-06, 1.2878173549779603e-07, 9.529940143693238e-07, 0.9955009818077087], [8.245616101021369e-08, 0.9994468092918396, 7.08102334101568e-07, 1.6487936704834283e-07], [1.8714965335675515e-05, 4.398889359435998e-06, 0.9908614158630371, 8.544291745238297e-07], [0.0028971259016543627, 6.55316671327455e-06, 0.9922046661376953, 4.5598285396408755e-06], [5.599955557045178e-07, 0.9969425797462463, 9.650629181123804e-06, 1.5368586048225552e-07], [0.998211145401001, 1.3115261765506148e-07, 8.140500540321227e-08, 1.922848156254986e-07], [0.9988501071929932, 3.7598923086079594e-07, 1.0686647300417462e-07, 1.1479168904315884e-07], [8.707547749509104e-07, 5.528299951151894e-08, 0.996648371219635, 1.3327985470823478e-07], [1.1810412843260565e-06, 1.3016951925237663e-06, 0.9951353669166565, 4.734985850518569e-06], [0.0011567299952730536, 0.9960301518440247, 3.84669237973867e-06, 9.024704468174605e-07], [0.01088432315737009, 0.9831169843673706, 5.0721999286906794e-05, 3.912922466042801e-07], [0.9987047910690308, 1.2954517387697706e-06, 2.2206329504115274e-06, 3.218689380446449e-05], [6.253454557736404e-06, 7.909582677712024e-07, 0.997542142868042, 1.1919298685825197e-06], [0.00013909381232224405, 0.9984386563301086, 1.215775318996748e-05, 3.820407528110081e-06], [0.9989051818847656, 2.3493507228522503e-07, 1.0478706968797269e-07, 3.695798866942823e-08]], "actual_answers": [3, 2, 0, 2, 0, 3, 1, 2, 2, 1, 0, 1, 1, 0, 0, 1, 1, 3, 1, 2, 2, 1, 0, 0, 2, 2, 1, 1, 0, 2, 1, 0], "predicted_answers": [3, 2, 0, 2, 0, 3, 1, 2, 2, 1, 0, 1, 1, 0, 0, 1, 1, 3, 1, 2, 2, 1, 0, 0, 2, 2, 1, 1, 0, 2, 1, 0], "predicted_probs": [0.9945399165153503, 0.960840106010437, 0.9991734623908997, 0.9970080256462097, 0.9976357221603394, 0.9984676241874695, 0.9927390217781067, 0.9945849776268005, 0.9985268115997314, 0.8450655937194824, 0.9985081553459167, 0.9994187355041504, 0.9948805570602417, 0.9995848536491394, 0.9977633953094482, 0.9972291588783264, 0.9970656037330627, 0.9955009818077087, 0.9994468092918396, 0.9908614158630371, 0.9922046661376953, 0.9969425797462463, 0.998211145401001, 0.9988501071929932, 0.996648371219635, 0.9951353669166565, 0.9960301518440247, 0.9831169843673706, 0.9987047910690308, 0.997542142868042, 0.9984386563301086, 0.9989051818847656], "predicted_probs_of_correct_answers": [0.9945399165153503, 0.960840106010437, 0.9991734623908997, 0.9970080256462097, 0.9976357221603394, 0.9984676241874695, 0.9927390217781067, 0.9945849776268005, 0.9985268115997314, 0.8450655937194824, 0.9985081553459167, 0.9994187355041504, 0.9948805570602417, 0.9995848536491394, 0.9977633953094482, 0.9972291588783264, 0.9970656037330627, 0.9955009818077087, 0.9994468092918396, 0.9908614158630371, 0.9922046661376953, 0.9969425797462463, 0.998211145401001, 0.9988501071929932, 0.996648371219635, 0.9951353669166565, 0.9960301518440247, 0.9831169843673706, 0.9987047910690308, 0.997542142868042, 0.9984386563301086, 0.9989051818847656], "mean_predicted_prob_of_correct_answers": 0.9906115531921387, "mean_predicted_probs": 0.9906115531921387, "value_counts": {"0": 9, "1": 11, "2": 9, "3": 3}, "sum_abcd": [0.9945462346076965, 0.9616692662239075, 0.9991734623908997, 0.997212290763855, 0.9976357817649841, 0.9984681010246277, 0.9981998801231384, 0.9947437047958374, 0.9987481832504272, 0.9984855055809021, 0.9985094666481018, 0.9994405508041382, 0.9948967099189758, 0.9995848536491394, 0.9977635145187378, 0.9972435832023621, 0.9974309206008911, 0.995509922504425, 0.999447762966156, 0.9908853769302368, 0.995112955570221, 0.9969529509544373, 0.9982115030288696, 0.9988507032394409, 0.996649444103241, 0.9951425790786743, 0.9971916675567627, 0.9940524697303772, 0.9987404942512512, 0.997550368309021, 0.9985937476158142, 0.998905599117279]}