loss_added,wmdp-bio,random,multiplier
-0.002937,0.996169,False,1
-0.003856,0.977011,False,5
-0.004859,0.946360,False,10
-0.003834,0.584291,False,50
0.037140,0.392720,False,100
0.335909,0.319923,False,200
0.737150,0.287356,False,300
0.000209,1.000000,True,1
0.001128,1.000000,True,5
0.002455,0.998084,True,10
0.020417,0.869732,True,50
0.075816,0.561303,True,100
0.337885,0.373563,True,200
0.756560,0.325670,True,300