{"mean_correct": 0.480392187833786, "total_correct": 49, "is_correct": [0.0, 0.0, 1.0, 0.0, 0.0, 1.0, 1.0, 1.0, 1.0, 1.0, 0.0, 0.0, 0.0, 1.0, 1.0, 1.0, 1.0, 1.0, 1.0, 1.0, 0.0, 0.0, 1.0, 0.0, 0.0, 1.0, 0.0, 0.0, 0.0, 1.0, 0.0, 1.0, 0.0, 0.0, 1.0, 1.0, 0.0, 1.0, 0.0, 1.0, 0.0, 0.0, 1.0, 1.0, 1.0, 1.0, 1.0, 1.0, 0.0, 0.0, 0.0, 0.0, 1.0, 1.0, 1.0, 0.0, 0.0, 1.0, 1.0, 0.0, 0.0, 1.0, 0.0, 0.0, 0.0, 0.0, 0.0, 1.0, 0.0, 0.0, 1.0, 1.0, 1.0, 0.0, 0.0, 1.0, 0.0, 0.0, 1.0, 1.0, 1.0, 0.0, 0.0, 0.0, 1.0, 0.0, 0.0, 1.0, 1.0, 0.0, 1.0, 0.0, 0.0, 0.0, 0.0, 1.0, 1.0, 0.0, 1.0, 0.0, 0.0, 1.0], "output_probs": [[0.01258087158203125, 0.9794921875, 0.005191802978515625, 0.00032711029052734375], [0.1243896484375, 0.0048370361328125, 0.841796875, 0.02716064453125], [3.999471664428711e-05, 0.99951171875, 6.0617923736572266e-05, 1.3709068298339844e-06], [0.9912109375, 0.0021305084228515625, 0.0016021728515625, 0.0036106109619140625], [0.0003662109375, 0.99853515625, 5.537271499633789e-05, 8.344650268554688e-06], [0.00022685527801513672, 6.0439109802246094e-05, 0.0002484321594238281, 0.99853515625], [0.0002224445343017578, 6.735324859619141e-06, 0.99658203125, 1.6748905181884766e-05], [7.62939453125e-06, 2.8014183044433594e-06, 8.940696716308594e-06, 0.99755859375], [0.99755859375, 5.960464477539063e-08, 5.960464477539063e-08, 5.960464477539063e-08], [0.00739288330078125, 6.669759750366211e-05, 0.98876953125, 0.00017154216766357422], [0.9970703125, 9.5367431640625e-07, 3.5762786865234375e-07, 1.7881393432617188e-07], [0.1475830078125, 0.0007195472717285156, 0.8486328125, 1.9729137420654297e-05], [0.99560546875, 1.5914440155029297e-05, 7.152557373046875e-07, 3.7550926208496094e-06], [0.99853515625, 8.71419906616211e-05, 1.5854835510253906e-05, 5.048513412475586e-05], [1.621246337890625e-05, 5.125999450683594e-06, 0.99951171875, 3.2901763916015625e-05], [3.355741500854492e-05, 5.984306335449219e-05, 0.00037860870361328125, 0.9970703125], [0.99853515625, 0.0005121231079101562, 0.0003180503845214844, 0.0002818107604980469], [0.998046875, 3.5762786865234375e-07, 5.960464477539063e-08, 1.1920928955078125e-07], [0.99853515625, 8.344650268554688e-07, 3.5762786865234375e-07, 1.7881393432617188e-07], [0.0059967041015625, 0.00047469139099121094, 0.98974609375, 1.9669532775878906e-05], [0.0006375312805175781, 0.9970703125, 0.0012178421020507812, 7.75456428527832e-05], [0.7939453125, 0.1990966796875, 0.00013768672943115234, 1.9788742065429688e-05], [0.9951171875, 0.00039958953857421875, 0.00012969970703125, 0.0011453628540039062], [0.076171875, 0.041595458984375, 0.87158203125, 0.00559234619140625], [0.99755859375, 5.364418029785156e-07, 1.7881393432617188e-07, 2.384185791015625e-07], [0.359375, 0.038116455078125, 0.06597900390625, 0.53564453125], [0.9990234375, 3.314018249511719e-05, 2.9742717742919922e-05, 9.238719940185547e-06], [0.0005559921264648438, 5.4836273193359375e-06, 5.6624412536621094e-05, 0.99609375], [0.9990234375, 3.5762786865234375e-07, 5.960464477539063e-08, 0.0], [0.06805419921875, 0.00027632713317871094, 0.01220703125, 0.912109375], [0.53955078125, 0.0017232894897460938, 0.003711700439453125, 0.45166015625], [0.990234375, 0.0003371238708496094, 1.6391277313232422e-05, 0.00746917724609375], [0.00484466552734375, 0.99267578125, 4.470348358154297e-06, 3.874301910400391e-06], [0.0011606216430664062, 0.994140625, 8.52346420288086e-06, 4.470348358154297e-06], [0.0015802383422851562, 0.99609375, 0.00022709369659423828, 1.1920928955078125e-05], [0.9990234375, 8.52346420288086e-06, 3.337860107421875e-06, 4.5299530029296875e-06], [0.830078125, 7.838010787963867e-05, 0.00031638145446777344, 0.1678466796875], [0.05877685546875, 0.0037593841552734375, 0.93212890625, 0.0035915374755859375], [0.92724609375, 0.06494140625, 0.0010976791381835938, 0.001819610595703125], [0.9970703125, 2.086162567138672e-06, 5.960464477539062e-07, 6.556510925292969e-07], [0.01325225830078125, 0.0111541748046875, 0.82568359375, 0.1466064453125], [0.10955810546875, 8.255243301391602e-05, 8.863210678100586e-05, 0.88671875], [0.99462890625, 1.7881393432617188e-07, 5.960464477539063e-08, 5.960464477539063e-08], [0.99755859375, 3.874301910400391e-06, 1.3709068298339844e-06, 2.1457672119140625e-06], [4.601478576660156e-05, 4.172325134277344e-07, 2.682209014892578e-06, 0.998046875], [0.0010480880737304688, 0.9951171875, 3.2782554626464844e-05, 2.4139881134033203e-05], [5.4955482482910156e-05, 4.863739013671875e-05, 0.9853515625, 2.2351741790771484e-05], [0.99951171875, 1.5497207641601562e-06, 4.172325134277344e-07, 5.960464477539062e-07], [0.0003581047058105469, 8.404254913330078e-06, 4.863739013671875e-05, 0.9970703125], [2.467632293701172e-05, 0.9990234375, 4.756450653076172e-05, 1.9311904907226562e-05], [0.99658203125, 3.641843795776367e-05, 0.00014007091522216797, 0.000865936279296875], [0.08099365234375, 3.62396240234375e-05, 4.106760025024414e-05, 0.91552734375], [0.004055023193359375, 9.226799011230469e-05, 0.99462890625, 0.0005078315734863281], [0.0004096031188964844, 3.0219554901123047e-05, 0.99755859375, 8.112192153930664e-05], [0.095703125, 0.8994140625, 2.4259090423583984e-05, 6.854534149169922e-06], [0.10955810546875, 0.00023818016052246094, 0.0005388259887695312, 0.88818359375], [0.9970703125, 3.343820571899414e-05, 6.496906280517578e-06, 4.887580871582031e-06], [9.02414321899414e-05, 4.76837158203125e-07, 2.86102294921875e-06, 0.99658203125], [0.0281982421875, 0.00047087669372558594, 0.9697265625, 0.00017726421356201172], [0.99560546875, 6.4373016357421875e-06, 5.066394805908203e-06, 1.0371208190917969e-05], [0.0054473876953125, 0.00015413761138916016, 0.01271820068359375, 0.98046875], [0.007244110107421875, 9.840726852416992e-05, 0.001110076904296875, 0.98583984375], [0.1197509765625, 8.016824722290039e-05, 0.00015735626220703125, 0.87646484375], [0.07171630859375, 0.0029392242431640625, 0.0084686279296875, 0.91552734375], [0.9951171875, 8.416175842285156e-05, 3.7670135498046875e-05, 3.4928321838378906e-05], [0.0037975311279296875, 0.0006046295166015625, 0.96533203125, 0.0250396728515625], [0.998046875, 0.00021660327911376953, 9.059906005859375e-06, 1.7881393432617188e-06], [0.00018405914306640625, 0.00012814998626708984, 0.98974609375, 1.9550323486328125e-05], [0.003734588623046875, 8.291006088256836e-05, 0.99267578125, 0.00021564960479736328], [0.005413055419921875, 0.99365234375, 4.881620407104492e-05, 2.855062484741211e-05], [0.0005869865417480469, 8.994340896606445e-05, 0.00024235248565673828, 0.998046875], [1.9609928131103516e-05, 0.99560546875, 4.76837158203125e-07, 1.7881393432617188e-07], [0.00019598007202148438, 5.125999450683594e-06, 6.377696990966797e-05, 0.9970703125], [0.2271728515625, 0.7685546875, 0.00029206275939941406, 3.236532211303711e-05], [0.00025653839111328125, 5.364418029785156e-06, 8.285045623779297e-06, 0.99755859375], [0.43115234375, 0.0024204254150390625, 0.5078125, 0.05548095703125], [3.88026237487793e-05, 0.998046875, 1.7285346984863281e-06, 5.960464477539062e-07], [0.360107421875, 0.00023627281188964844, 0.6376953125, 2.586841583251953e-05], [0.08416748046875, 0.0005774497985839844, 0.0002760887145996094, 0.91015625], [2.4259090423583984e-05, 2.4139881134033203e-05, 0.998046875, 7.921457290649414e-05], [2.5033950805664062e-06, 0.0, 0.0, 0.9990234375], [0.9990234375, 2.1457672119140625e-06, 2.562999725341797e-06, 6.556510925292969e-07], [0.135986328125, 0.00035309791564941406, 0.85205078125, 0.0014333724975585938], [0.0017366409301757812, 3.927946090698242e-05, 0.00015306472778320312, 0.99560546875], [0.99755859375, 3.7670135498046875e-05, 1.6868114471435547e-05, 4.0531158447265625e-06], [0.9970703125, 5.173683166503906e-05, 0.00016510486602783203, 0.0010614395141601562], [0.841796875, 0.0036869049072265625, 0.0004589557647705078, 0.153076171875], [0.0009398460388183594, 0.9970703125, 6.723403930664062e-05, 2.8192996978759766e-05], [0.00030612945556640625, 0.99755859375, 7.927417755126953e-06, 1.430511474609375e-06], [0.97802734375, 8.58306884765625e-06, 