{"mean_correct": 1.0, "total_correct": 4, "is_correct": [1.0, 1.0, 1.0, 1.0], "output_probs": [[5.781650543212891e-06, 1.1920928955078125e-07, 3.635883331298828e-06, 0.9990234375], [0.00018966197967529297, 2.980232238769531e-07, 3.7550926208496094e-06, 0.99951171875], [2.1755695343017578e-05, 0.0, 1.1920928955078125e-07, 0.9970703125], [0.00019884109497070312, 6.556510925292969e-07, 1.2516975402832031e-06, 0.998046875]], "actual_answers": [3, 3, 3, 3], "predicted_answers": [3, 3, 3, 3], "predicted_probs": [0.9990234375, 0.99951171875, 0.9970703125, 0.998046875], "predicted_probs_of_correct_answers": [0.9990234375, 0.99951171875, 0.9970703125, 0.998046875], "mean_predicted_prob_of_correct_answers": 0.99853515625, "mean_predicted_probs": 0.99853515625, "value_counts": {"3": 4}, "sum_abcd": [0.9990234375, 0.99951171875, 0.9970703125, 0.998046875]}