{"mean_correct": 1.0, "total_correct": 15, "is_correct": [1.0, 1.0, 1.0, 1.0, 1.0, 1.0, 1.0, 1.0, 1.0, 1.0, 1.0, 1.0, 1.0, 1.0, 1.0], "output_probs": [[0.00012826919555664062, 0.99853515625, 5.334615707397461e-05, 5.245208740234375e-06], [0.00014412403106689453, 4.0531158447265625e-06, 0.9990234375, 3.5762786865234375e-07], [1.7940998077392578e-05, 5.364418029785156e-07, 7.271766662597656e-06, 0.99951171875], [0.9990234375, 0.0, 0.0, 0.0], [0.023895263671875, 0.97509765625, 4.172325134277344e-07, 1.7881393432617188e-07], [8.869171142578125e-05, 1.1324882507324219e-06, 1.6033649444580078e-05, 0.99853515625], [1.4901161193847656e-06, 0.0, 0.0, 1.0], [0.001461029052734375, 0.99560546875, 3.2186508178710938e-06, 2.4437904357910156e-06], [2.562999725341797e-06, 0.9990234375, 7.152557373046875e-07, 0.0], [4.172325134277344e-07, 0.99658203125, 2.980232238769531e-07, 0.0], [0.0015230178833007812, 3.814697265625e-06, 0.99658203125, 8.940696716308594e-07], [1.2755393981933594e-05, 0.99853515625, 1.1920928955078125e-06, 2.980232238769531e-07], [7.68899917602539e-06, 5.960464477539063e-08, 1.1920928955078125e-07, 0.99609375], [1.2516975402832031e-06, 0.9990234375, 4.76837158203125e-07, 0.0], [0.00135040283203125, 9.47713851928711e-06, 0.99462890625, 1.0728836059570312e-06]], "actual_answers": [1, 2, 3, 0, 1, 3, 3, 1, 1, 1, 2, 1, 3, 1, 2], "predicted_answers": [1, 2, 3, 0, 1, 3, 3, 1, 1, 1, 2, 1, 3, 1, 2], "predicted_probs": [0.99853515625, 0.9990234375, 0.99951171875, 0.9990234375, 0.97509765625, 0.99853515625, 1.0, 0.99560546875, 0.9990234375, 0.99658203125, 0.99658203125, 0.99853515625, 0.99609375, 0.9990234375, 0.99462890625], "predicted_probs_of_correct_answers": [0.99853515625, 0.9990234375, 0.99951171875, 0.9990234375, 0.97509765625, 0.99853515625, 1.0, 0.99560546875, 0.9990234375, 0.99658203125, 0.99658203125, 0.99853515625, 0.99609375, 0.9990234375, 0.99462890625], "mean_predicted_prob_of_correct_answers": 0.99658203125, "mean_predicted_probs": 0.99658203125, "value_counts": {"0": 1, "1": 7, "2": 3, "3": 4}, "sum_abcd": [0.99853515625, 0.9990234375, 0.99951171875, 0.9990234375, 0.9990234375, 0.99853515625, 1.0, 0.9970703125, 0.9990234375, 0.99658203125, 0.998046875, 0.99853515625, 0.99609375, 0.9990234375, 0.99609375]}