{"mean_correct": 0.3999999761581421, "total_correct": 20, "is_correct": [0.0, 1.0, 0.0, 0.0, 1.0, 0.0, 1.0, 1.0, 0.0, 0.0, 0.0, 1.0, 0.0, 0.0, 1.0, 1.0, 1.0, 1.0, 1.0, 0.0, 0.0, 0.0, 0.0, 0.0, 0.0, 0.0, 0.0, 1.0, 0.0, 0.0, 0.0, 0.0, 1.0, 1.0, 0.0, 0.0, 0.0, 1.0, 0.0, 1.0, 0.0, 0.0, 1.0, 0.0, 0.0, 0.0, 1.0, 1.0, 1.0, 1.0], "output_probs": [[0.83935546875, 0.15283203125, 1.4543533325195312e-05, 2.980232238769531e-07], [0.0188751220703125, 0.00015687942504882812, 0.07965087890625, 0.89990234375], [5.257129669189453e-05, 0.0001087188720703125, 0.99365234375, 4.309415817260742e-05], [0.35009765625, 0.476806640625, 0.144287109375, 0.00835418701171875], [0.9931640625, 0.0011882781982421875, 0.0014867782592773438, 0.00026345252990722656], [0.1790771484375, 0.0010995864868164062, 0.004711151123046875, 0.8046875], [0.00797271728515625, 0.005222320556640625, 0.98193359375, 0.002140045166015625], [2.1398067474365234e-05, 0.0, 1.1920928955078125e-07, 0.9970703125], [9.924173355102539e-05, 1.5497207641601562e-06, 0.998046875, 6.777048110961914e-05], [0.06182861328125, 0.9296875, 0.00467681884765625, 0.0005097389221191406], [0.99658203125, 5.364418029785156e-07, 5.364418029785156e-07, 1.7881393432617188e-07], [0.873046875, 0.062744140625, 0.056182861328125, 0.0002999305725097656], [0.91455078125, 0.0011014938354492188, 0.000713348388671875, 0.08251953125], [0.0004987716674804688, 3.5762786865234375e-07, 1.5497207641601562e-06, 0.9990234375], [0.99169921875, 1.0728836059570312e-06, 7.092952728271484e-06, 1.1920928955078125e-07], [0.00041294097900390625, 4.172325134277344e-07, 1.3709068298339844e-06, 0.99951171875], [0.38525390625, 0.11492919921875, 0.455078125, 0.0208282470703125], [0.986328125, 0.00019156932830810547, 0.00015592575073242188, 6.014108657836914e-05], [2.5928020477294922e-05, 1.1920928955078125e-07, 1.6689300537109375e-06, 0.99951171875], [0.96923828125, 0.01467132568359375, 0.00930023193359375, 0.0030307769775390625], [0.2705078125, 0.59375, 0.1153564453125, 0.003131866455078125], [0.93017578125, 0.060516357421875, 0.0038547515869140625, 0.0038623809814453125], [0.99658203125, 6.556510925292969e-07, 4.76837158203125e-07, 1.7881393432617188e-07], [0.032257080078125, 0.003993988037109375, 0.953125, 0.0007910728454589844], [0.224609375, 0.06158447265625, 0.55029296875, 0.1607666015625], [0.0178070068359375, 4.547834396362305e-05, 0.96533203125, 0.0158538818359375], [0.80126953125, 0.00847625732421875, 0.1033935546875, 0.0814208984375], [0.0021152496337890625, 0.0001678466796875, 0.00019860267639160156, 0.9951171875], [0.9638671875, 0.00514984130859375, 0.0266571044921875, 0.0017747879028320312], [0.00447845458984375, 0.9931640625, 7.56978988647461e-05, 1.9669532775878906e-05], [0.0008902549743652344, 9.655952453613281e-06, 3.081560134887695e-05, 0.99609375], [0.9990234375, 5.9604644775390625e-06, 1.806020736694336e-05, 1.430511474609375e-05], [0.99560546875, 6.079673767089844e-06, 1.9490718841552734e-05, 8.940696716308594e-07], [0.0012102127075195312, 5.6862831115722656e-05, 0.994140625, 0.00040650367736816406], [0.1370849609375, 0.002925872802734375, 0.59228515625, 0.26513671875], [0.0002532005310058594, 5.960464477539062e-07, 2.8014183044433594e-06, 0.99853515625], [0.003345489501953125, 0.99072265625, 7.802248001098633e-05, 4.112720489501953e-05], [0.99609375, 4.76837158203125e-07, 8.344650268554688e-07, 1.7881393432617188e-07], [0.998046875, 5.662441253662109e-06, 2.2649765014648438e-06, 2.384185791015625e-07], [0.59033203125, 0.3603515625, 0.01514434814453125, 5.614757537841797e-05], [0.345947265625, 1.138448715209961e-05, 6.258487701416016e-06, 0.64697265625], [0.99609375, 0.0007863044738769531, 0.00010436773300170898, 0.001224517822265625], [5.7220458984375e-06, 1.1920928955078125e-07, 3.635883331298828e-06, 0.9990234375], [0.0003058910369873047, 3.5762786865234375e-07, 3.039836883544922e-06, 0.998046875], [0.032196044921875, 0.007190704345703125, 0.006046295166015625, 0.94287109375], [0.9755859375, 0.00356292724609375, 0.01226806640625, 0.005802154541015625], [0.00015437602996826172, 5.960464477539062e-07, 6.794929504394531e-06, 0.99853515625], [0.00019621849060058594, 6.556510925292969e-07, 1.2516975402832031e-06, 0.998046875], [0.9970703125, 1.1920928955078125e-07, 5.960464477539063e-08, 0.0], [6.175041198730469e-05, 2.980232238769531e-07, 1.9669532775878906e-06, 1.0]], "actual_answers": [2, 3, 3, 2, 0, 0, 2, 3, 0, 3, 2, 0, 2, 1, 0, 3, 2, 0, 3, 2, 0, 3, 2, 0, 0, 1, 2, 3, 3, 0, 2, 1, 0, 2, 3, 1, 3, 0, 3, 0, 0, 3, 3, 1, 2, 2, 3, 3, 0, 3], "predicted_answers": [0, 3, 2, 1, 0, 3, 2, 3, 2, 1, 0, 0, 0, 3, 0, 3, 2, 0, 3, 0, 1, 0, 0, 2, 2, 2, 0, 3, 0, 1, 3, 0, 0, 2, 2, 3, 1, 0, 0, 0, 3, 0, 3, 3, 3, 0, 3, 3, 0, 3], "predicted_probs": [0.83935546875, 0.89990234375, 0.99365234375, 0.476806640625, 0.9931640625, 0.8046875, 0.98193359375, 0.9970703125, 0.998046875, 0.9296875, 0.99658203125, 0.873046875, 0.91455078125, 0.9990234375, 0.99169921875, 0.99951171875, 0.455078125, 0.986328125, 0.99951171875, 0.96923828125, 0.59375, 0.93017578125, 0.99658203125, 0.953125, 0.55029296875, 0.96533203125, 0.80126953125, 0.9951171875, 0.9638671875, 0.9931640625, 0.99609375, 0.9990234375, 0.99560546875, 0.994140625, 0.59228515625, 0.99853515625, 0.99072265625, 0.99609375, 0.998046875, 0.59033203125, 0.64697265625, 0.99609375, 0.9990234375, 0.998046875, 0.94287109375, 0.9755859375, 0.99853515625, 0.998046875, 0.9970703125, 1.0], "predicted_probs_of_correct_answers": [1.4543533325195312e-05, 0.89990234375, 4.309415817260742e-05, 0.144287109375, 0.9931640625, 0.1790771484375, 0.98193359375, 0.9970703125, 9.924173355102539e-05, 0.0005097389221191406, 5.364418029785156e-07, 0.873046875, 0.000713348388671875, 3.5762786865234375e-07, 0.99169921875, 0.99951171875, 0.455078125, 0.986328125, 0.99951171875, 0.00930023193359375, 0.2705078125, 0.0038623809814453125, 4.76837158203125e-07, 0.032257080078125, 0.224609375, 4.547834396362305e-05, 0.1033935546875, 0.9951171875, 0.0017747879028320312, 0.00447845458984375, 3.081560134887695e-05, 5.9604644775390625e-06, 0.99560546875, 0.994140625, 0.26513671875, 5.960464477539062e-07, 4.112720489501953e-05, 0.99609375, 2.384185791015625e-07, 0.59033203125, 0.345947265625, 0.001224517822265625, 0.9990234375, 3.5762786865234375e-07, 0.006046295166015625, 0.01226806640625, 0.99853515625, 0.998046875, 0.9970703125, 1.0], "mean_predicted_prob_of_correct_answers": 0.406982421875, "mean_predicted_probs": 0.9111328125, "value_counts": {"0": 20, "1": 5, "2": 9, "3": 16}, "sum_abcd": [0.9921875, 0.99853515625, 0.99365234375, 0.9794921875, 0.99609375, 0.98974609375, 0.9970703125, 0.9970703125, 0.998046875, 0.99658203125, 0.99658203125, 0.9921875, 0.9990234375, 0.99951171875, 0.99169921875, 1.0, 0.97607421875, 0.98681640625, 0.99951171875, 0.99609375, 0.98291015625, 0.99853515625, 0.99658203125, 0.990234375, 0.9970703125, 0.9990234375, 0.99462890625, 0.99755859375, 0.99755859375, 0.99755859375, 0.9970703125, 0.9990234375, 0.99560546875, 0.99560546875, 0.99755859375, 0.9990234375, 0.994140625, 0.99609375, 0.998046875, 0.9658203125, 0.9931640625, 0.998046875, 0.9990234375, 0.99853515625, 0.98828125, 0.9970703125, 0.99853515625, 0.998046875, 0.9970703125, 1.0]}