{"mean_correct": 0.4166666567325592, "total_correct": 30, "is_correct": [0.0, 1.0, 1.0, 0.0, 0.0, 0.0, 0.0, 1.0, 0.0, 1.0, 0.0, 0.0, 1.0, 0.0, 0.0, 0.0, 1.0, 1.0, 1.0, 1.0, 0.0, 0.0, 1.0, 1.0, 0.0, 0.0, 1.0, 1.0, 0.0, 0.0, 1.0, 1.0, 0.0, 0.0, 0.0, 1.0, 0.0, 0.0, 0.0, 1.0, 1.0, 1.0, 0.0, 0.0, 1.0, 0.0, 1.0, 0.0, 0.0, 1.0, 0.0, 0.0, 0.0, 1.0, 1.0, 1.0, 0.0, 1.0, 1.0, 0.0, 0.0, 0.0, 0.0, 0.0, 1.0, 1.0, 1.0, 0.0, 0.0, 0.0, 0.0, 0.0], "output_probs": [[0.00038814544677734375, 0.99755859375, 7.975101470947266e-05, 4.13060188293457e-05], [0.00017178058624267578, 1.7881393432617188e-07, 0.9990234375, 1.7881393432617188e-07], [7.611513137817383e-05, 5.960464477539063e-08, 1.1920928955078125e-07, 0.9990234375], [0.99365234375, 1.1920928955078125e-07, 5.960464477539063e-08, 0.0], [0.7734375, 0.22509765625, 8.028745651245117e-05, 1.6093254089355469e-06], [0.01355743408203125, 5.900859832763672e-06, 6.854534149169922e-06, 0.98486328125], [0.036529541015625, 0.95556640625, 0.003833770751953125, 0.0007066726684570312], [0.99072265625, 0.0025196075439453125, 0.0019550323486328125, 1.806020736694336e-05], [0.0002532005310058594, 1.2278556823730469e-05, 0.99609375, 2.86102294921875e-06], [3.635883331298828e-05, 2.384185791015625e-07, 2.086162567138672e-06, 0.998046875], [5.120038986206055e-05, 0.998046875, 1.5497207641601562e-06, 2.980232238769531e-07], [2.0623207092285156e-05, 9.5367431640625e-07, 3.6954879760742188e-06, 0.998046875], [2.6941299438476562e-05, 0.9990234375, 5.185604095458984e-06, 6.556510925292969e-07], [0.00013148784637451172, 0.99609375, 0.0005183219909667969, 1.3709068298339844e-06], [0.380859375, 0.00016176700592041016, 0.0009121894836425781, 0.6162109375], [9.417533874511719e-06, 5.960464477539062e-07, 2.3245811462402344e-06, 0.99951171875], [0.9990234375, 1.0132789611816406e-06, 0.00010943412780761719, 1.7881393432617188e-07], [5.364418029785156e-06, 1.7881393432617188e-07, 0.99755859375, 3.5762786865234375e-07], [5.960464477539062e-07, 0.99951171875, 1.0132789611816406e-06, 5.960464477539063e-08], [0.994140625, 1.1324882507324219e-06, 7.152557373046875e-07, 5.960464477539063e-08], [0.9990234375, 5.960464477539063e-08, 0.0, 0.0], [0.002552032470703125, 2.2172927856445312e-05, 0.994140625, 7.748603820800781e-07], [0.055999755859375, 7.337331771850586e-05, 0.94189453125, 2.0265579223632812e-06], [0.99853515625, 3.5762786865234375e-07, 1.3709068298339844e-06, 2.384185791015625e-07], [0.0008244514465332031, 0.00017249584197998047, 0.5703125, 0.41796875], [0.0008234977722167969, 0.99755859375, 0.00048041343688964844, 1.6391277313232422e-05], [1.055002212524414e-05, 0.99853515625, 4.410743713378906e-06, 2.980232238769531e-07], [0.998046875, 5.960464477539062e-07, 1.0728836059570312e-06, 4.5239925384521484e-05], [0.98291015625, 0.0050048828125, 0.01062774658203125, 0.0003628730773925781], [0.00024044513702392578, 1.4960765838623047e-05, 0.9951171875, 0.0038928985595703125], [0.9970703125, 2.0265579223632812e-06, 1.1920928955078125e-06, 4.172325134277344e-07], [1.5795230865478516e-05, 1.0, 1.3113021850585938e-06, 5.960464477539063e-08], [0.9736328125, 1.7881393432617188e-05, 0.0244598388671875, 7.474422454833984e-05], [0.568359375, 0.357666015625, 0.01320648193359375, 0.0584716796875], [0.99560546875, 4.708766937255859e-06, 7.510185241699219e-06, 2.562999725341797e-06], [1.341104507446289e-05, 4.76837158203125e-06, 0.98828125, 9.59634780883789e-06], [0.98388671875, 0.008514404296875, 1.2934207916259766e-05, 1.6689300537109375e-06], [0.96923828125, 2.7835369110107422e-05, 0.0244903564453125, 0.0013990402221679688], [0.9970703125, 3.039836883544922e-06, 4.971027374267578e-05, 7.152557373046875e-07], [0.0016040802001953125, 0.99609375, 5.245208740234375e-06, 1.1920928955078125e-07], [0.998046875, 4.172325134277344e-07, 1.7285346984863281e-06, 5.960464477539063e-08], [0.99853515625, 8.392333984375e-05, 1.0907649993896484e-05, 1.4901161193847656e-06], [0.0089874267578125, 0.0037288665771484375, 0.0174102783203125, 0.9658203125], [0.99951171875, 5.960464477539063e-08, 5.960464477539063e-08, 0.0], [0.006122589111328125, 3.8683414459228516e-05, 0.984375, 2.187490463256836e-05], [0.5693359375, 0.025543212890625, 0.11614990234375, 0.286865234375], [0.09857177734375, 0.89892578125, 0.0008611679077148438, 4.184246063232422e-05], [0.360107421875, 0.0008749961853027344, 0.07830810546875, 0.556640625], [0.0004954338073730469, 8.118152618408203e-05, 0.99755859375, 0.0009021759033203125], [0.5791015625, 0.417724609375, 8.666515350341797e-05, 4.649162292480469e-06], [7.331371307373047e-06, 3.0994415283203125e-06, 0.99267578125, 0.002643585205078125], [0.9990234375, 1.1920928955078125e-07, 5.960464477539063e-08, 0.0], [6.079673767089844e-05, 0.9990234375, 2.491474151611328e-05, 8.344650268554688e-07], [0.00858306884765625, 8.314847946166992e-05, 0.98876953125, 0.0004315376281738281], [0.253173828125, 0.744140625, 0.00029015541076660156, 4.5299530029296875e-05], [0.99755859375, 5.960464477539063e-08, 0.0, 0.0], [0.006633758544921875, 5.2034854888916016e-05, 0.99169921875, 3.409385681152344e-05], [0.98876953125, 1.6689300537109375e-06, 1.7881393432617188e-07, 1.1920928955078125e-07], [0.978515625, 5.4895877838134766e-05, 0.00018322467803955078, 0.020965576171875], [0.0008673667907714844, 5.2928924560546875e-05, 0.0004565715789794922, 0.99658203125], [0.0011310577392578125, 1.52587890625e-05, 0.998046875, 1.043081283569336e-05], [0.00099945068359375, 0.00025081634521484375, 0.99462890625, 0.00014507770538330078], [0.9970703125, 5.3048133850097656e-05, 0.0005331039428710938, 3.0517578125e-05], [0.00014448165893554688, 0.99853515625, 0.0003170967102050781, 2.5033950805664062e-06], [0.9990234375, 2.980232238769531e-07, 2.980232238769531e-07, 5.960464477539063e-08], [0.0014181137084960938, 4.470348358154297e-06, 0.11456298828125, 0.88330078125], [0.0027923583984375, 0.9931640625, 2.9802322387695312e-06, 5.960464477539062e-07], [8.279085159301758e-05, 6.74128532409668e-05, 0.97509765625, 0.0165252685546875], [0.9970703125, 3.337860107421875e-06, 3.933906555175781e-06, 1.7881393432617188e-07], [0.0005168914794921875, 0.0024852752685546875, 0.99609375, 2.3066997528076172e-05], [0.99462890625, 1.7881393432617188e-07, 5.960464477539063e-08, 0.0], [0.998046875, 1.3887882232666016e-05, 1.2993812561035156e-05, 5.960464477539062e-07]], "actual_answers": [2, 2, 3, 3, 2, 2, 2, 0, 0, 3, 0, 1, 1, 2, 0, 1, 0, 2, 1, 0, 1, 3, 2, 0, 3, 2, 1, 0, 1, 0, 0, 1, 1, 1, 1, 2, 1, 3, 1, 1, 0, 0, 2, 2, 2, 1, 1, 1, 3, 0, 0, 3, 2, 2, 1, 0, 0, 0, 0, 2, 1, 3, 2, 3, 0, 3, 1, 1, 2, 0, 2, 3], "predicted_answers": [1, 2, 3, 0, 0, 3, 1, 0, 2, 3, 1, 3, 1, 1, 3, 3, 0, 2, 1, 0, 0, 2, 2, 0, 2, 1, 1, 0, 0, 2, 0, 1, 0, 0, 0, 2, 0, 0, 0, 1, 0, 0, 3, 0, 2, 0, 1, 3, 2, 0, 2, 0, 1, 2, 1, 0, 2, 0, 0, 3, 2, 2, 0, 1, 0, 3, 1, 2, 0, 2, 0, 0], "predicted_probs": [0.99755859375, 0.9990234375, 0.9990234375, 0.99365234375, 0.7734375, 0.98486328125, 0.95556640625, 0.99072265625, 0.99609375, 0.998046875, 0.998046875, 0.998046875, 0.9990234375, 0.99609375, 0.6162109375, 0.99951171875, 0.9990234375, 0.99755859375, 0.99951171875, 0.994140625, 0.9990234375, 0.994140625, 0.94189453125, 0.99853515625, 0.5703125, 0.99755859375, 0.99853515625, 0.998046875, 0.98291015625, 0.9951171875, 0.9970703125, 1.0, 0.9736328125, 0.568359375, 0.99560546875, 0.98828125, 0.98388671875, 0.96923828125, 0.9970703125, 0.99609375, 0.998046875, 0.99853515625, 0.9658203125, 0.99951171875, 0.984375, 0.5693359375, 0.89892578125, 0.556640625, 0.99755859375, 0.5791015625, 0.99267578125, 0.9990234375, 0.9990234375, 0.98876953125, 0.744140625, 0.99755859375, 0.99169921875, 0.98876953125, 0.978515625, 0.99658203125, 0.998046875, 0.99462890625, 0.9970703125, 0.99853515625, 0.9990234375, 0.88330078125, 0.9931640625, 0.97509765625, 0.9970703125, 0.99609375, 0.99462890625, 0.998046875],