{"mean_correct": 1.0, "total_correct": 16, "is_correct": [1.0, 1.0, 1.0, 1.0, 1.0, 1.0, 1.0, 1.0, 1.0, 1.0, 1.0, 1.0, 1.0, 1.0, 1.0, 1.0], "output_probs": [[0.9990234375, 0.0, 0.0, 0.0], [2.0742416381835938e-05, 0.99951171875, 8.344650268554688e-07, 2.384185791015625e-07], [0.99755859375, 0.0, 5.960464477539063e-08, 0.0], [3.5762786865234375e-07, 0.0, 1.1920928955078125e-07, 0.99853515625], [0.0028972625732421875, 6.556510925292969e-06, 0.9921875, 4.589557647705078e-06], [0.9990234375, 2.384185791015625e-07, 1.1920928955078125e-07, 5.960464477539063e-08], [3.039836883544922e-06, 0.9970703125, 1.0669231414794922e-05, 7.152557373046875e-07], [5.364418029785156e-07, 0.9970703125, 9.655952453613281e-06, 1.7881393432617188e-07], [1.329183578491211e-05, 0.9951171875, 2.6226043701171875e-06, 2.384185791015625e-07], [6.258487701416016e-06, 7.748603820800781e-07, 0.99755859375, 1.1920928955078125e-06], [0.0003650188446044922, 0.9970703125, 2.980232238769531e-07, 0.0], [0.0008268356323242188, 1.3709068298339844e-06, 0.9609375, 1.0132789611816406e-06], [0.99951171875, 0.0, 0.0, 0.0], [0.01088714599609375, 0.98291015625, 5.072355270385742e-05, 4.172325134277344e-07], [0.99853515625, 4.76837158203125e-07, 6.556510925292969e-07, 1.7881393432617188e-07], [0.99755859375, 5.960464477539063e-08, 5.960464477539063e-08, 0.0]], "actual_answers": [0, 1, 0, 3, 2, 0, 1, 1, 1, 2, 1, 2, 0, 1, 0, 0], "predicted_answers": [0, 1, 0, 3, 2, 0, 1, 1, 1, 2, 1, 2, 0, 1, 0, 0], "predicted_probs": [0.9990234375, 0.99951171875, 0.99755859375, 0.99853515625, 0.9921875, 0.9990234375, 0.9970703125, 0.9970703125, 0.9951171875, 0.99755859375, 0.9970703125, 0.9609375, 0.99951171875, 0.98291015625, 0.99853515625, 0.99755859375], "predicted_probs_of_correct_answers": [0.9990234375, 0.99951171875, 0.99755859375, 0.99853515625, 0.9921875, 0.9990234375, 0.9970703125, 0.9970703125, 0.9951171875, 0.99755859375, 0.9970703125, 0.9609375, 0.99951171875, 0.98291015625, 0.99853515625, 0.99755859375], "mean_predicted_prob_of_correct_answers": 0.994140625, "mean_predicted_probs": 0.994140625, "value_counts": {"0": 6, "1": 6, "2": 3, "3": 1}, "sum_abcd": [0.9990234375, 0.99951171875, 0.99755859375, 0.99853515625, 0.9951171875, 0.9990234375, 0.9970703125, 0.9970703125, 0.9951171875, 0.99755859375, 0.99755859375, 0.9619140625, 0.99951171875, 0.99365234375, 0.99853515625, 0.99755859375]}