{"mean_correct": 1.0, "total_correct": 13, "is_correct": [1.0, 1.0, 1.0, 1.0, 1.0, 1.0, 1.0, 1.0, 1.0, 1.0, 1.0, 1.0, 1.0], "output_probs": [[0.003681182861328125, 0.99560546875, 3.7550926208496094e-06, 1.4901161193847656e-06], [0.00045943260192871094, 2.9802322387695312e-06, 4.827976226806641e-06, 0.998046875], [0.9990234375, 3.5762786865234375e-07, 2.384185791015625e-07, 5.960464477539063e-08], [0.998046875, 1.9073486328125e-06, 2.3245811462402344e-06, 8.344650268554688e-07], [0.0001380443572998047, 1.1920928955078125e-06, 0.99658203125, 1.6689300537109375e-06], [0.007076263427734375, 9.590387344360352e-05, 0.0010805130004882812, 0.986328125], [0.00030112266540527344, 7.152557373046875e-07, 0.9931640625, 2.3245811462402344e-06], [0.1036376953125, 0.89208984375, 9.322166442871094e-05, 1.8715858459472656e-05], [0.9931640625, 7.152557373046875e-07, 1.1920928955078125e-07, 1.1324882507324219e-06], [3.516674041748047e-05, 8.940696716308594e-07, 5.364418029785156e-06, 0.99365234375], [0.00014281272888183594, 3.5762786865234375e-07, 1.8477439880371094e-06, 0.9970703125], [0.0010366439819335938, 0.9951171875, 3.266334533691406e-05, 2.396106719970703e-05], [1.0728836059570312e-06, 0.0, 0.0, 0.99853515625]], "actual_answers": [1, 3, 0, 0, 2, 3, 2, 1, 0, 3, 3, 1, 3], "predicted_answers": [1, 3, 0, 0, 2, 3, 2, 1, 0, 3, 3, 1, 3], "predicted_probs": [0.99560546875, 0.998046875, 0.9990234375, 0.998046875, 0.99658203125, 0.986328125, 0.9931640625, 0.89208984375, 0.9931640625, 0.99365234375, 0.9970703125, 0.9951171875, 0.99853515625], "predicted_probs_of_correct_answers": [0.99560546875, 0.998046875, 0.9990234375, 0.998046875, 0.99658203125, 0.986328125, 0.9931640625, 0.89208984375, 0.9931640625, 0.99365234375, 0.9970703125, 0.9951171875, 0.99853515625], "mean_predicted_prob_of_correct_answers": 0.9873046875, "mean_predicted_probs": 0.9873046875, "value_counts": {"0": 3, "1": 3, "2": 2, "3": 5}, "sum_abcd": [0.99951171875, 0.99853515625, 0.9990234375, 0.998046875, 0.99658203125, 0.99462890625, 0.99365234375, 0.99560546875, 0.9931640625, 0.99365234375, 0.9970703125, 0.99609375, 0.99853515625]}