{"mean_correct": 0.477477490901947, "total_correct": 53, "is_correct": [0.0, 0.0, 0.0, 0.0, 1.0, 0.0, 1.0, 1.0, 1.0, 0.0, 0.0, 0.0, 0.0, 1.0, 1.0, 1.0, 0.0, 0.0, 0.0, 0.0, 0.0, 1.0, 0.0, 1.0, 1.0, 0.0, 0.0, 1.0, 1.0, 0.0, 0.0, 0.0, 0.0, 1.0, 1.0, 0.0, 1.0, 1.0, 0.0, 1.0, 1.0, 0.0, 1.0, 1.0, 0.0, 0.0, 0.0, 1.0, 1.0, 0.0, 0.0, 0.0, 0.0, 1.0, 0.0, 0.0, 1.0, 0.0, 0.0, 0.0, 0.0, 1.0, 1.0, 0.0, 1.0, 1.0, 1.0, 1.0, 1.0, 0.0, 1.0, 0.0, 1.0, 0.0, 0.0, 1.0, 0.0, 1.0, 1.0, 0.0, 0.0, 1.0, 0.0, 1.0, 0.0, 0.0, 0.0, 1.0, 1.0, 1.0, 0.0, 1.0, 1.0, 1.0, 0.0, 0.0, 1.0, 1.0, 1.0, 0.0, 0.0, 1.0, 1.0, 0.0, 0.0, 1.0, 1.0, 0.0, 1.0, 0.0, 1.0], "output_probs": [[1.2040138244628906e-05, 0.99951171875, 7.808208465576172e-06, 3.5762786865234375e-07], [0.9970703125, 0.0013446807861328125, 0.0006971359252929688, 3.814697265625e-05], [0.9560546875, 0.0006999969482421875, 0.0170135498046875, 0.0241241455078125], [0.99658203125, 5.960464477539063e-08, 0.0, 0.0], [0.4765625, 0.00016570091247558594, 0.50537109375, 0.0133514404296875], [0.00034046173095703125, 5.40614128112793e-05, 0.99462890625, 1.6629695892333984e-05], [0.99755859375, 1.9669532775878906e-06, 1.8477439880371094e-06, 1.3709068298339844e-06], [6.204843521118164e-05, 1.3113021850585938e-06, 9.894371032714844e-06, 0.99853515625], [0.99853515625, 5.960464477539063e-08, 1.7881393432617188e-07, 0.0], [0.00017392635345458984, 3.516674041748047e-06, 0.0001437664031982422, 0.9931640625], [0.0004715919494628906, 2.008676528930664e-05, 0.9970703125, 0.0002541542053222656], [8.940696716308594e-07, 1.1920928955078125e-07, 0.99755859375, 5.960464477539063e-08], [1.3709068298339844e-06, 2.384185791015625e-07, 3.361701965332031e-05, 0.99951171875], [6.198883056640625e-06, 7.748603820800781e-07, 0.99755859375, 1.1920928955078125e-06], [0.90087890625, 0.0013027191162109375, 0.0007300376892089844, 0.09515380859375], [4.106760025024414e-05, 0.99609375, 9.357929229736328e-06, 5.364418029785156e-07], [0.998046875, 2.3245811462402344e-06, 3.0994415283203125e-06, 5.960464477539063e-08], [0.00022172927856445312, 3.904104232788086e-05, 8.165836334228516e-06, 0.99853515625], [0.00023567676544189453, 3.594160079956055e-05, 0.98974609375, 2.9206275939941406e-06], [0.96533203125, 0.02703857421875, 7.641315460205078e-05, 2.0265579223632812e-06], [2.753734588623047e-05, 1.0848045349121094e-05, 0.01166534423828125, 0.9873046875], [0.0003657341003417969, 0.9970703125, 2.980232238769531e-07, 0.0], [0.301513671875, 0.69482421875, 9.900331497192383e-05, 5.066394805908203e-06], [0.9951171875, 2.384185791015625e-07, 2.384185791015625e-07, 1.1920928955078125e-07], [0.00018930435180664062, 7.450580596923828e-06, 0.99853515625, 2.4020671844482422e-05], [0.96044921875, 0.00028967857360839844, 0.0004394054412841797, 0.037139892578125], [0.99365234375, 0.0001900196075439453, 0.0008749961853027344, 0.002231597900390625], [0.99755859375, 5.960464477539063e-08, 5.960464477539063e-08, 0.0], [1.1920928955078125e-05, 0.998046875, 0.00011521577835083008, 1.6033649444580078e-05], [0.0004229545593261719, 2.8371810913085938e-05, 0.9951171875, 5.9604644775390625e-06], [0.002899169921875, 2.0265579223632812e-05, 1.3053417205810547e-05, 0.9931640625], [0.00046896934509277344, 5.960464477539062e-07, 9.5367431640625e-07, 0.99609375], [0.9697265625, 0.002620697021484375, 0.00319671630859375, 0.01708984375], [0.0001023411750793457, 1.7404556274414062e-05, 0.98828125, 2.9802322387695312e-06], [0.9970703125, 2.7418136596679688e-06, 6.139278411865234e-06, 7.748603820800781e-07], [2.2649765014648438e-05, 0.99560546875, 0.0006422996520996094, 4.76837158203125e-07], [9.888410568237305e-05, 0.9990234375, 5.900859832763672e-06, 2.384185791015625e-07], [0.059844970703125, 0.935546875, 1.3709068298339844e-06, 2.384185791015625e-07], [0.0011768341064453125, 0.0002644062042236328, 0.9892578125, 4.982948303222656e-05], [0.9921875, 1.1324882507324219e-06, 7.748603820800781e-07, 3.5762786865234375e-07], [0.9814453125, 5.364418029785156e-07, 8.344650268554688e-07, 1.7881393432617188e-07], [3.933906555175781e-06, 1.430511474609375e-06, 0.998046875, 5.364418029785156e-07], [0.99560546875, 2.980232238769531e-07, 1.1920928955078125e-07, 5.960464477539063e-08], [0.9970703125, 1.5795230865478516e-05, 2.7418136596679688e-05, 0.0014247894287109375], [0.054840087890625, 0.0003192424774169922, 0.037322998046875, 0.90087890625], [0.0012559890747070312, 0.0002655982971191406, 0.99267578125, 9.739398956298828e-05], [0.994140625, 0.0010776519775390625, 6.705522537231445e-05, 1.8715858459472656e-05], [1.436471939086914e-05, 0.99658203125, 2.0444393157958984e-05, 3.814697265625e-06], [0.9990234375, 1.7881393432617188e-07, 5.960464477539063e-08, 5.960464477539063e-08], [3.0994415283203125e-05, 1.9073486328125e-06, 0.99169921875, 4.172325134277344e-06], [1.7881393432617188e-06, 0.99951171875, 7.569789886474609e-06, 3.5762786865234375e-07], [0.00400543212890625, 0.00021982192993164062, 0.9775390625, 0.0005636215209960938], [0.23779296875, 8.398294448852539e-05, 0.00274658203125, 0.75732421875], [0.99853515625, 2.384185791015625e-07, 3.5762786865234375e-07, 5.960464477539063e-08], [0.9169921875, 9.119510650634766e-06, 0.07916259765625, 2.8014183044433594e-06], [7.450580596923828e-05, 0.007480621337890625, 0.00830841064453125, 0.98291015625], [0.032470703125, 3.981590270996094e-05, 0.9609375, 3.6597251892089844e-05], [0.919921875, 0.0013446807861328125, 0.00875091552734375, 0.0675048828125], [4.9054622650146484e-05, 0.99609375, 4.708766937255859e-06, 1.0132789611816406e-06], [4.6133995056152344e-05, 0.9990234375, 8.225440979003906e-06, 7.748603820800781e-07], [0.0018110275268554688, 1.8358230590820312e-05, 0.98046875, 4.410743713378906e-06], [0.9990234375, 1.52587890625e-05, 6.4373016357421875e-06, 8.344650268554688e-06], [0.99853515625, 4.76837158203125e-07, 6.556510925292969e-07, 1.7881393432617188e-07], [0.399658203125, 4.839897155761719e-05, 0.00010788440704345703, 0.59521484375], [0.00403594970703125, 0.9921875, 0.00039124488830566406, 2.4139881134033203e-05], [5.960464477539063e-08, 0.99951171875, 7.152557373046875e-07, 1.7881393432617188e-07], [0.1539306640625, 0.744140625, 0.070556640625, 0.029327392578125], [8.440017700195312e-05, 3.516674041748047e-06, 0.99267578125, 2.4437904357910156e-06], [0.9970703125, 0.00011980533599853516, 0.00022482872009277344, 0.00018155574798583984], [0.00023221969604492188, 5.960464477539062e-07, 9.5367431640625e-07, 0.99560546875], [0.83056640625, 0.128173828125, 0.036163330078125, 3.403425216674805e-05], [0.9970703125, 4.470348358154297e-06, 1.1861324310302734e-05, 1.823902130126953e-05], [5.424022674560547e-06, 1.7881393432617188e-07, 5.960464477539062e-07, 0.99462890625], [0.94580078125, 0.041290283203125, 9.483098983764648e-05, 5.7220458984375e-06], [0.3916015625, 0.0031681060791015625, 0.57958984375, 0.0214691162109375], [1.8715858459472656e-05, 4.410743713378906e-06, 0.99072265625, 8.344650268554688e-07], [0.007171630859375, 0.00040793418884277344, 0.98291015625, 0.0047149658203125], [0.000247955322265625, 0.9970703125, 0.0010509490966796875, 0.0006003379821777344], [0.99462890625, 5.960464477539063e-08, 0.0, 0.0], [0.9912109375, 9.5367431640625e-07, 3.7550926208496094e-06, 2.384185791015625e-07], [0.9970703125, 2.980232238769531e-07, 5.960464477539063e-08, 5.960464477539063e-08], [0.0011720657348632812, 0.99609375, 3.874301910400391e-06, 8.940696716308594e-07], [0.0002720355987548828, 6.735324859619141e-06, 0.9970703125, 5.501508712768555e-05], [1.5556812286376953e-05, 0.9990234375, 0.0001838207244873047, 3.993511199951172e-06], [5.543231964111328e-06, 2.205371856689453e-06, 0.99853515625, 1.245737075805664e-05], [0.0011167526245117188, 0.00016558170318603516, 0.99560546875, 8.577108383178711e-05], [0.9990234375, 2.1457672119140625e-06, 2.2649765014648438e-06, 1.7285346984863281e-06], [2.467632293701172e-05, 0.99755859375, 3.2961368560791016e-05, 8.404254913330078e-06], [2.491474151611328e-05, 2.4437904357910156e-06, 0.99609375, 1.6093254089355469e-06], 