{"mean_correct": 0.4343434274196625, "total_correct": 43, "is_correct": [0.0, 0.0, 1.0, 0.0, 0.0, 0.0, 1.0, 1.0, 0.0, 1.0, 1.0, 0.0, 1.0, 1.0, 0.0, 0.0, 0.0, 1.0, 0.0, 1.0, 0.0, 0.0, 1.0, 0.0, 0.0, 0.0, 1.0, 1.0, 1.0, 0.0, 1.0, 1.0, 0.0, 0.0, 1.0, 0.0, 0.0, 1.0, 0.0, 1.0, 0.0, 0.0, 0.0, 1.0, 0.0, 1.0, 0.0, 1.0, 1.0, 0.0, 1.0, 1.0, 0.0, 0.0, 1.0, 1.0, 0.0, 1.0, 0.0, 1.0, 0.0, 0.0, 1.0, 1.0, 0.0, 1.0, 0.0, 1.0, 1.0, 0.0, 0.0, 0.0, 1.0, 1.0, 0.0, 1.0, 0.0, 0.0, 1.0, 1.0, 0.0, 1.0, 1.0, 0.0, 0.0, 1.0, 0.0, 0.0, 1.0, 0.0, 0.0, 0.0, 0.0, 0.0, 0.0, 1.0, 0.0, 0.0, 0.0], "output_probs": [[0.00031065940856933594, 4.76837158203125e-07, 6.020069122314453e-06, 0.9970703125], [0.018585205078125, 0.9755859375, 0.00333404541015625, 0.00012063980102539062], [0.005702972412109375, 0.0009665489196777344, 0.86083984375, 0.1317138671875], [0.9970703125, 1.7881393432617188e-07, 8.344650268554688e-07, 5.364418029785156e-07], [2.562999725341797e-06, 4.76837158203125e-07, 3.4570693969726562e-06, 0.99951171875], [0.9853515625, 0.00010842084884643555, 2.47955322265625e-05, 3.904104232788086e-05], [8.33272933959961e-05, 2.205371856689453e-06, 1.1086463928222656e-05, 0.99951171875], [0.0029697418212890625, 9.119510650634766e-06, 0.0008831024169921875, 0.9921875], [0.0006098747253417969, 0.022979736328125, 0.97265625, 8.183717727661133e-05], [0.0001327991485595703, 0.0003151893615722656, 0.99755859375, 1.6689300537109375e-06], [1.4901161193847656e-06, 0.0, 0.0, 1.0], [0.998046875, 0.00025391578674316406, 0.0006766319274902344, 1.049041748046875e-05], [0.9873046875, 0.000324249267578125, 0.006221771240234375, 0.005382537841796875], [0.00014543533325195312, 3.993511199951172e-06, 0.9990234375, 3.5762786865234375e-07], [0.99853515625, 1.1920928955078125e-07, 5.960464477539063e-08, 5.960464477539063e-08], [8.296966552734375e-05, 3.713369369506836e-05, 0.99853515625, 5.543231964111328e-05], [0.0157012939453125, 0.982421875, 1.7821788787841797e-05, 5.364418029785156e-07], [0.006557464599609375, 1.138448715209961e-05, 0.0001424551010131836, 0.986328125], [4.57763671875e-05, 0.05755615234375, 0.00016260147094726562, 0.94091796875], [0.998046875, 5.960464477539063e-08, 0.0, 0.0], [0.99853515625, 2.4557113647460938e-05, 1.7881393432617188e-05, 4.76837158203125e-07], [1.138448715209961e-05, 1.1920928955078125e-07, 1.0132789611816406e-06, 0.99951171875], [0.0002300739288330078, 1.6093254089355469e-06, 7.569789886474609e-06, 0.9990234375], [0.9892578125, 1.4722347259521484e-05, 0.0003407001495361328, 0.00818634033203125], [0.779296875, 0.2197265625, 4.351139068603516e-06, 3.5762786865234375e-07], [0.99365234375, 8.225440979003906e-06, 0.00010472536087036133, 7.468461990356445e-05], [2.4974346160888672e-05, 1.5497207641601562e-06, 7.3909759521484375e-06, 0.9990234375], [3.2961368560791016e-05, 1.4901161193847656e-06, 2.7418136596679688e-06, 0.9990234375], [0.99853515625, 4.172325134277344e-07, 8.940696716308594e-07, 1.6093254089355469e-06], [0.99560546875, 2.7000904083251953e-05, 1.33514404296875e-05, 1.0669231414794922e-05], [0.99853515625, 1.9669532775878906e-06, 1.0728836059570312e-06, 3.5762786865234375e-07], [0.0001671314239501953, 6.556510925292969e-07, 5.364418029785156e-07, 0.99755859375], [0.0010862350463867188, 0.0012960433959960938, 0.9951171875, 6.645917892456055e-05], [0.0001571178436279297, 0.0005488395690917969, 0.99072265625, 0.006374359130859375], [0.07012939453125, 5.4836273193359375e-06, 0.927734375, 3.993511199951172e-06], [6.496906280517578e-06, 0.0, 1.1920928955078125e-07, 0.998046875], [0.99951171875, 8.940696716308594e-07, 1.1324882507324219e-06, 2.193450927734375e-05], [2.574920654296875e-05, 2.205371856689453e-06, 9.298324584960938e-06, 0.99951171875], [0.6376953125, 9.357929229736328e-06, 1.6927719116210938e-05, 0.361083984375], [4.76837158203125e-07, 0.998046875, 4.291534423828125e-06, 2.980232238769531e-07], [0.000591278076171875, 0.99609375, 0.0011110305786132812, 0.0003223419189453125], [7.271766662597656e-06, 0.99560546875, 9.715557098388672e-06, 2.384185791015625e-07], [0.1395263671875, 1.0311603546142578e-05, 3.737211227416992e-05, 0.8583984375], [0.008056640625, 0.8876953125, 0.08740234375, 0.0122833251953125], [0.279541015625, 1.633167266845703e-05, 0.0001214742660522461, 0.71923828125], [0.99755859375, 1.1920928955078125e-07, 5.960464477539063e-08, 5.960464477539063e-08], [0.9990234375, 5.960464477539063e-08, 0.0, 0.0], [0.99951171875, 1.1920928955078125e-07, 0.0, 5.960464477539063e-08], [1.3113021850585938e-06, 0.013641357421875, 0.98193359375, 7.092952728271484e-06], [0.99755859375, 0.0, 0.0, 0.0], [0.0015058517456054688, 3.7550926208496094e-06, 0.9970703125, 8.940696716308594e-07], [0.26513671875, 1.8656253814697266e-05, 0.002292633056640625, 0.7314453125], [0.000812530517578125, 0.99609375, 2.086162567138672e-06, 1.7881393432617188e-07], [1.4901161193847656e-06, 5.364418029785156e-07, 3.993511199951172e-06, 0.99951171875], [7.450580596923828e-06, 7.748603820800781e-07, 0.99755859375, 1.0728836059570312e-06], [0.9990234375, 0.0, 0.0, 0.0], [0.9990234375, 5.960464477539063e-08, 0.0, 0.0], [0.91748046875, 1.4483928680419922e-05, 4.017353057861328e-05, 0.0806884765625], [4.112720489501953e-06, 5.185604095458984e-06, 0.245849609375, 0.75341796875], [0.8916015625, 4.947185516357422e-06, 5.066394805908203e-06, 0.1055908203125], [1.6391277313232422e-05, 3.5762786865234375e-07, 0.990234375, 5.364418029785156e-07], [1.8298625946044922e-05, 2.7418136596679688e-06, 0.99658203125, 1.329183578491211e-05], [0.12274169921875, 0.0001437664031982422, 0.87255859375, 0.0009775161743164062], [7.390975952148438e-05, 1.3113021850585938e-06, 0.0003275871276855469, 0.99951171875], [4.6133995056152344e-05, 1.8358230590820312e-05, 0.998046875, 5.0067901611328125e-06], [0.00018489360809326172, 5.066394805908203e-06, 1.1205673217773438e-05, 0.99853515625], [0.99658203125, 5.960464477539063e-08, 5.960464477539063e-08, 0.0], [4.607439041137695e-05, 5.364418029785156e-07, 5.841255187988281e-06, 0.99951171875], [0.99609375, 5.364418029785156e-07, 5.364418029785156e-07, 1.7881393432617188e-07], [0.99853515625, 5.960464477539063e-08, 5.960464477539063e-08, 0.0], [4.76837158203125e-07, 1.1920928955078125e-07, 0.9990234375, 5.960464477539063e-08], [9.912252426147461e-05, 2.562999725341797e-06, 0.9951171875, 3.165006637573242e-05], [0.005710601806640625, 0.05035400390625, 0.94287109375, 4.1425228118896484e-05], [0.9990234375, 0.0, 0.0, 0.0], [0.026611328125, 1.33514404296875e-05, 7.468461990356445e-05, 0.97119140625], [0.00024628639221191406, 7.152557373046875e-07, 7.331371307373047e-06, 0.99755859375], [0.0002598762512207031, 0.0009713172912597656, 0.99658203125, 8.440017700195312e-05], [0.0003917217254638672, 2.777576446533203e-05, 0.99658203125, 1.430511474609375e-06], [0.02392578125, 0.97509765625, 4.172325134277344e-07, 1.7881393432617188e-07], [0.01160430908203125, 0.98681640625, 0.00025963783264160156, 1.5795230865478516e-05], [0.9990234375, 2.3245811462402344e-06, 5.066394805908203e-06, 8.571147918701172e-05], [0.0001283884048461914, 0.99853515625, 5.263090133666992e-05, 5.185604095458984e-06], [8.940696716308594e-06, 0.9970703125, 4.172325134277344e-07, 5.960464477539063e-08], [0.99951171875, 0.0003027915954589844, 1.7881393432617188e-07, 0.0], [0.62109375, 0.1297607421875, 0.21044921875, 0.035919189453125], [1.7523765563964844e-05, 4.76837158203125e-07, 7.152557373046875e-06, 0.99951171875], [0.0160980224609375, 0.0003008842468261719, 0.9697265625, 0.01242828369140625], [0.9990234375, 5.960464477539063e-08, 0.0, 0.0], [8.106231689453125e-06, 1.6093254089355469e-06, 0.9990234375, 2.980232238769531e-07], [0.0015287399291992188, 0.99755859375, 5.960464477539062e-07, 4.172325134277344e-07], [4.202127456665039e-05, 0.000213623046875, 0.994140625, 4.708766937255859e-06], [0.751953125, 2.9206275939941406e-06, 1.043081283569336e-05, 0.2459716796875], [0.00011980533599853516, 8.219480514526367e-05, 0.99658203125, 1.2099742889404297e-05], [1.9431114196777344e-05, 0.9990234375, 